epoch,lr,epoch_time_sec,train_loss,val_loss,dice_tc,dice_wt,dice_et,mean_dice,hd95_tc,hd95_wt,hd95_et,mean_hd95,sens_tc,sens_wt,sens_et,mean_sens,spec_tc,spec_wt,spec_et,mean_spec,iou_tc,iou_wt,iou_et,mean_iou,miou_tc,miou_wt,miou_et,mean_miou,f1_tc,f1_wt,f1_et,mean_f1,auc_tc,auc_wt,auc_et,mean_auc,is_best
1,2.08e-05,1337.225261926651,1.2151899870597955,0.7593732987131391,0.03712370619177818,0.31045082211494446,0.03363807499408722,0.12707086776693663,102.28791183253409,73.66783012851266,104.54593942768261,93.50056046290979,0.9811460931314712,0.9120725274048838,0.6232209962935844,0.8388132056099797,0.12113543252311297,0.8374099028922974,0.6698948583590925,0.5428133979248343,0.01921290586588797,0.19578756082813806,0.016551889194500485,0.07718411862950884,0.0701549979382625,0.514852471335583,0.3422132518652746,0.30907357371304006,0.037123706392448844,0.3104508228122804,0.032036262559078384,0.1265369305879359,0.0,0.0,0.0,0.0,True
2,4.06e-05,1231.8741700649261,1.344833122961449,0.9589038502602351,0.03521229699254036,0.732388436794281,0.45307108759880066,0.4068906071285407,103.71965797776154,29.55147331388435,40.90108440912491,58.057405233590266,0.9961382283031799,0.8685364809935585,0.6588260399014928,0.8411669163994103,0.06836489396497447,0.9855953985951099,0.9909626743684147,0.6816409889761664,0.018180520052555504,0.6084499968128251,0.2989238130592742,0.30851810997488494,0.04326992755635813,0.7939886835771214,0.6438119551051865,0.493690188746222,0.03521229730157917,0.7323884101277227,0.43149629293041386,0.3996990001199052,0.0,0.0,0.0,0.0,True
3,6.04e-05,1190.7174413204193,1.1314590849885435,0.8737053797358558,0.18785442411899567,0.7364545464515686,0.48849883675575256,0.47093593577543896,82.19735973101092,17.69531781069052,34.89419545916058,44.928957666954005,0.9902513464444301,0.9294635694203219,0.8211293802140949,0.9136147653596156,0.8651114231000766,0.982055782780278,0.9888818589806487,0.945349688287001,0.11127191368307968,0.6132004635510606,0.33316215131633997,0.3525448428501601,0.48809122002823097,0.7958229502808428,0.6605872276213756,0.6481671326434831,0.1878544226878608,0.7364545430919114,0.46523699666961654,0.46318198748312955,0.0,0.0,0.0,0.0,True
4,8.02e-05,1128.3419442176819,0.9505139278868834,0.7325796859604972,0.36313360929489136,0.757978081703186,0.4986926317214966,0.539934774239858,35.117338392939736,15.622238047866297,36.30353707502338,29.01437117194314,0.9789511664142257,0.9385496455763802,0.8429741035183026,0.9201583051696361,0.9524673949488294,0.9839699434401742,0.9889495392808513,0.9751289592232849,0.2444886555487038,0.639060731676632,0.34463946303048687,0.40939628341860756,0.5982132426099412,0.8098070741934329,0.666467451557979,0.6914959227871177,0.3631336116519825,0.7579780846836813,0.4749453045864104,0.532019000307358,0.0,0.0,0.0,0.0,True
5,0.0001,1198.1746668815613,0.7549991163453369,0.614498328878766,0.4447234869003296,0.7974076271057129,0.5012604594230652,0.5811305244763693,30.09266574448936,16.221878581308793,38.21353634132542,28.176026889041193,0.966770532094577,0.9244857856870686,0.8603509368619671,0.9172024182145376,0.9686430799256515,0.9885010899710084,0.9885274942967073,0.9818905547311224,0.3139773600533543,0.6881560084088594,0.3467548984839827,0.44962942231539876,0.6408571520214503,0.8363435408544426,0.6673738634831705,0.714858185453021,0.44472347825908354,0.7974075995043572,0.47739092788973725,0.5731740018843926,0.0,0.0,0.0,0.0,True
6,9.997293623837585e-05,1337.1808240413666,0.6078214801170609,0.480644219546091,0.5756261348724365,0.8327856063842773,0.5659224987030029,0.6581114133199056,20.364984154390516,12.615919302806184,34.01665304428294,22.332518833826544,0.9318311339787105,0.8898187795909235,0.8312757887732473,0.8843085674476271,0.9854439146794468,0.99309295945635,0.9919423203620334,0.9901597314992768,0.43843253693658935,0.7330410049856138,0.4068044209845014,0.5260926543022348,0.7109200617015796,0.8603604073931143,0.6990142447708125,0.7567649046218355,0.575626152526458,0.8327855988427648,0.5389737758797313,0.6491285090829847,0.0,0.0,0.0,0.0,True
7,9.989177454732935e-05,1158.6576759815216,0.5261778510316755,0.37414504985014596,0.6765262484550476,0.8458046317100525,0.6255861520767212,0.7159723440806071,11.195681941888058,7.806780579609495,29.432992419628253,16.14515164704194,0.8733498158148107,0.8611685405504962,0.7937817176920688,0.8427666913524586,0.993472394732335,0.9953272376496503,0.9946764658885893,0.9944920327568582,0.5483771942157937,0.7491873668313899,0.4666762138544144,0.5880802583005327,0.7692151842294891,0.8689917898059544,0.7301359360504337,0.7894476366952924,0.6765262420443933,0.8458047086043052,0.5957963668003473,0.706042439149682,0.0,0.0,0.0,0.0,True
8,9.975660367597807e-05,1113.4140329360962,0.47925958776790084,0.3091634843321074,0.7083365321159363,0.8494621515274048,0.6629446148872375,0.7402477661768595,9.829931276742576,7.454895521349802,28.138510447120943,15.141112415071108,0.8308639811444627,0.8443359110438682,0.7547496867231556,0.8099831929704955,0.9956928613142543,0.9962694609483588,0.9963535427493535,0.9961052883373221,0.5871780179651402,0.7531637029000573,0.5065838068062785,0.6156418425571587,0.7893542871393447,0.8711472647922389,0.750745571618871,0.8037490411834849,0.7083365174171795,0.8494621161384237,0.6313758341235314,0.7297248225597115,0.0,0.0,0.0,0.0,True
9,9.956757143168527e-05,1121.1885328292847,0.456658509390598,0.2791634503574598,0.7245683670043945,0.852063775062561,0.6779460906982422,0.7515260775883993,10.224451637308743,7.580000249266529,29.64074882302016,15.81506690319848,0.8003612005960343,0.8374062619675189,0.7267735554904841,0.7881803393513458,0.9967356677538453,0.9967245553150276,0.9972132180104832,0.9968911470264521,0.6068298799038678,0.7554473734529487,0.5232018807988033,0.6284930447185398,0.7994700380335333,0.8724068955339365,0.759345958319681,0.8104076306290503,0.724568414925184,0.852063820721,0.645662981893199,0.7407650725131276,0.0,0.0,0.0,0.0,True
10,9.932488451843476e-05,1168.029622077942,0.43414562692244846,0.2598382201932725,0.7358186841011047,0.8536520600318909,0.6856400370597839,0.7583702603975931,16.607154654427145,7.544951612267728,29.253532479523155,17.801879582072676,0.7785528717233099,0.8321094967408376,0.7064922045462763,0.7723848576701412,0.9973412832440729,0.9969936213917099,0.9976798757461005,0.9973382601272944,0.6201568978823174,0.7573033079925219,0.5318999882704855,0.6364533980484416,0.806288297151438,0.873412853754278,0.7638348358565177,0.8145119955874112,0.7358186574004202,0.8536520862210887,0.6529904783172182,0.7474870739795758,0.9791184705657611,0.9848423362871197,0.907901038506495,0.9572872817864586,True
11,9.902880831080307e-05,1141.5659379959106,0.4265948512845419,0.2511628568882034,0.7442412376403809,0.8546901941299438,0.6884059309959412,0.7624457875887553,9.448129441892995,7.621003321974178,29.060323328494118,15.376485364120429,0.7641774513637977,0.829421836989229,0.6874728175919881,0.7603573686483381,0.9977035032369704,0.9971399958464485,0.9980092494096422,0.9976175828310203,0.6297012439427859,0.7584856422307586,0.5349826981451903,0.6410565281062449,0.8111744120887411,0.8740581683908805,0.7654608616811797,0.8168978140536004,0.7442412347868357,0.8546901599716563,0.6556246690978307,0.7515186879521076,0.0,0.0,0.0,0.0,True
12,9.86796665637763e-05,1162.2252683639526,0.4085932220473434,0.2466370641475632,0.7480801343917847,0.8554067015647888,0.6909626126289368,0.7648164828618368,16.105148059868675,7.412285601906546,29.05580023195954,17.524411297911588,0.7523582575243798,0.8259628135444365,0.6761221593761607,0.7514810768149923,0.9979934735151645,0.9972978574602949,0.9982149125419963,0.9978354145058187,0.6359180648306992,0.7592242344717612,0.5380257452453893,0.6443893481826165,0.8143524731745178,0.8744516091651867,0.7670374559333547,0.8186138460910198,0.748080145836927,0.855406651818387,0.6580596471789045,0.7538488149447394,0.0,0.0,0.0,0.0,True
13,9.827784105872876e-05,1140.0091307163239,0.405650830940541,0.24607141961654028,0.7533800601959229,0.8551527261734009,0.6909272074699402,0.766486664613088,15.829518600538867,7.195569031554399,28.828595535390306,17.284561055827858,0.7491174947785312,0.8249209106109145,0.6667177904128062,0.746918731934084,0.9980487743782546,0.9971948049308001,0.9982601238083803,0.9978345677058117,0.6422321174763612,0.7591030890980625,0.537725155847032,0.6463534541404853,0.8175689953889974,0.874344532234822,0.7668729292088883,0.8195954856109026,0.7533800219696128,0.8551526922105034,0.6580258960159827,0.755519536732033,0.0,0.0,0.0,0.0,True
14,9.782377118595071e-05,1118.1439049243927,0.398743058865269,0.2346394454439481,0.759412407875061,0.857468843460083,0.690108060836792,0.7689964373906454,14.74811188891238,6.417223835087669,27.241948053214877,16.135761259071643,0.7504576183351455,0.8249552911844822,0.660853358456161,0.7454220893252629,0.9981363421448994,0.9972702286805603,0.9983180509366743,0.9979082072540445,0.6489365951197433,0.7615539027367862,0.5366095158254551,0.6490333378939949,0.8210365064872522,0.8756573194079866,0.7663264576716292,0.821006761188956,0.7594124223922911,0.8574688397124673,0.6572457149655166,0.7580423256900918,0.0,0.0,0.0,0.0,True
15,9.731795346418142e-05,1136.774956703186,0.38672434564002534,0.23800642930326008,0.7655348181724548,0.8587026596069336,0.6905789375305176,0.7716054717699686,14.94785165862706,6.375524026600566,27.756550220012624,16.359975301746747,0.7516762510291997,0.8246716963986871,0.6591162464246761,0.7451547312841876,0.9982248526489313,0.9973360211803614,0.9983707492933738,0.9979772077075556,0.6565932567126603,0.7629701789941052,0.5374937962298482,0.652352410645538,0.8249882370036076,0.876426356310752,0.7667948563129997,0.8227364832091197,0.7655348633129592,0.85870273771989,0.6576943028521733,0.7606439679616742,0.0,0.0,0.0,0.0,True
16,9.676094099767333e-05,1154.7778255939484,0.3859492406869928,0.235603618763742,0.7696419358253479,0.8597117066383362,0.6911460161209106,0.7734998861948649,14.64583302580681,6.269924986095331,27.561692363655272,16.159150125185803,0.753811872116589,0.8256378645431989,0.6573617985142818,0.7456038450580232,0.9982778099092282,0.9973730096518761,0.9984200459427389,0.9980236218346145,0.6619850990824442,0.7646442126410457,0.5385617182437459,0.6550636766557453,0.8277666052207914,0.8773100923839413,0.7673508349267995,0.8241425108438439,0.7696419238752834,0.8597116287105603,0.6582343127045639,0.7625292884301359,0.0,0.0,0.0,0.0,True
17,9.615334287138057e-05,1185.6220133304596,0.3818469167207227,0.23319843794618333,0.7747585773468018,0.861724317073822,0.6935002207756042,0.7766610383987427,7.715156137813129,6.2399957494896405,27.546084429496503,13.833745438933091,0.7560830884619713,0.8259311463777675,0.6581140486728784,0.7467094278375391,0.9983205996892027,0.9974425764635427,0.998466920204386,0.9980766987857105,0.6667768534382479,0.7669721864442051,0.5408331425153629,0.6581940607992719,0.83021149360614,0.8785404257231321,0.7685188965841877,0.82575693863782,0.7747584848866498,0.8617242529297422,0.6604764200455967,0.7656530526206629,0.0,0.0,0.0,0.0,True
18,9.549582348493357e-05,1130.3568904399872,0.37749297310118424,0.23124087701241175,0.776681661605835,0.8642164468765259,0.6941670775413513,0.778355062007904,7.405878677034077,6.141956388049826,34.466464126044436,16.00476639704278,0.7565421451316567,0.8265449460354054,0.658127741358035,0.747071610841699,0.9984186605015833,0.9975649939647675,0.998522135608133,0.9981685966914946,0.6690467376672119,0.7697344081059316,0.5414554933514126,0.6600788797081854,0.8314147934092667,0.8800189359463201,0.7688636301377745,0.8267657864977872,0.7766816332445641,0.8642164213434079,0.6611115080462757,0.7673365208780826,0.0,0.0,0.0,0.0,True
19,9.478910182612781e-05,1148.7150883674622,0.376333205678472,0.22578065594037375,0.7831535935401917,0.8671844005584717,0.6960550546646118,0.782131016254425,7.171212059860025,6.00303754664569,34.34733767800858,15.840529094838098,0.7591692036895908,0.829013062714757,0.6570957520224232,0.7484260061422571,0.9985047750594941,0.9976855603385826,0.9986019706539385,0.9982641020173384,0.6741924658204411,0.7733674033678481,0.542914840288648,0.6634915698256457,0.8340777926858649,0.8819537651292737,0.7696384308727244,0.8285566628959543,0.7831535796444212,0.8671843820978603,0.6629095988116273,0.7710825201846362,0.0,0.0,0.0,0.0,True
20,9.403395068472123e-05,1181.7148683071136,0.3755181823490244,0.2314417091863496,0.7821080088615417,0.8667634725570679,0.6979473233222961,0.7822729349136353,7.2363334144341165,6.016295258015041,34.23376376056064,15.828797477669932,0.7583233001549755,0.8287072415754849,0.6606932162076297,0.74924125264603,0.9984532748969974,0.9975775583290531,0.9985219227864888,0.9981842520041798,0.6750201220339233,0.7732469491687938,0.5449422197475204,0.6644030969834125,0.8344616848862945,0.8818420466040915,0.7706220150416123,0.8289752488439994,0.7821080431371197,0.8667634914750939,0.6647117233226861,0.7711944193116332,0.9401439955045577,0.9545845490892798,0.8542041797020324,0.9163109080986233,True
21,9.323119580739992e-05,1170.281306028366,0.36643322215725976,0.23096025912534623,0.7873573899269104,0.8670517206192017,0.7000092267990112,0.7848061124483744,7.151422055021555,6.067056854366953,34.250067056842276,15.822848655410262,0.7638125658409834,0.8293424914895824,0.6598540028292464,0.7510030200532708,0.9984135280304041,0.9975302178735365,0.9985612618008686,0.998168335901603,0.6808486918583703,0.7738445911575658,0.5471738346149282,0.667289039210288,0.8374299356814846,0.8821306793735492,0.7717473164817156,0.8304359771789165,0.787357353932235,0.8670517158867652,0.6666754327406816,0.7736948341865606,0.0,0.0,0.0,0.0,True
22,9.238171499483631e-05,1180.115330696106,0.3657747927037152,0.23158570570605141,0.7894012928009033,0.86737459897995,0.7023838758468628,0.7863865892092387,7.10820533586348,6.161612137894149,34.17142851143316,15.813748661730266,0.7666525047204308,0.829761694946113,0.660953012782933,0.7524557374831589,0.9984075002203322,0.9975640646546753,0.9986104951798405,0.9981940200182827,0.682687574651918,0.7745241853031188,0.5491285783331254,0.6687801127627208,0.838378901610344,0.8825120125901464,0.772747646438341,0.831212853546277,0.7894013206941499,0.8673746549663123,0.668937045007195,0.7752376735558858,0.0,0.0,0.0,0.0,True
23,9.148643714182701e-05,1205.801750421524,0.3651407593861222,0.2300577217624301,0.7946441769599915,0.8682225346565247,0.7047206163406372,0.7891957759857178,6.9934454805570825,6.018915367463131,34.1018460923111,15.704735646777104,0.7680836210613441,0.8312253513603305,0.6636699144308797,0.7543262956175182,0.9984879121752495,0.9975299627587195,0.9985974421344388,0.9982051056894692,0.688175915369981,0.775763513395344,0.5512339786164905,0.6717244691272718,0.8411678325562334,0.8831252617262613,0.7737982992111677,0.832697131164554,0.7946441673505094,0.868222559763363,0.671162484433854,0.7780097371825754,0.0,0.0,0.0,0.0,True
24,9.054634122155992e-05,1198.048329591751,0.3634086690673774,0.22777190109093984,0.796657145023346,0.8695610165596008,0.7035857439041138,0.7899346351623535,7.036355319338021,5.946961229343014,27.322480064876085,13.435265537852374,0.7667665850249782,0.8329571619123985,0.6602141724355656,0.7533126397909808,0.9985627151100571,0.9975610425619897,0.9986499497037514,0.9982579024585995,0.6901175551317142,0.7774762669170763,0.5501214651303107,0.6725717623930337,0.8421897772028164,0.8840512338306399,0.7732628400473447,0.833167950360267,0.796657112933293,0.8695610119432823,0.6700817291435834,0.7787666180067196,0.0,0.0,0.0,0.0,True
25,8.95624552151215e-05,1199.0065097808838,0.3582133582200516,0.24696718248583022,0.795875608921051,0.868603527545929,0.7041699886322021,0.789549708366394,7.090779647440814,6.817273921195381,30.575679893951566,14.827911154195919,0.7658897081637487,0.8309654578155579,0.660536504865209,0.7524638902815052,0.9985697591022367,0.9976012559440726,0.9986220128533788,0.9982643426332295,0.6906401554049102,0.7765000604479627,0.5504680265230102,0.672536080791961,0.8424395882367565,0.883550945864276,0.7734261500352801,0.8331388947121042,0.7958756040043424,0.8686035480282525,0.6706381089676962,0.7783724203334303,0.0,0.0,0.0,0.0,False
26,8.853585498741454e-05,1164.812332868576,0.35767823677848687,0.2444310527472269,0.7943844795227051,0.869322657585144,0.7033006548881531,0.7890025973320007,7.100280453420681,6.6089822034825385,30.610992790125255,14.773418482342825,0.7610695365492126,0.8313206194881904,0.6569777316139314,0.7497892958837781,0.9987006973008163,0.9977230721460504,0.9987049877101981,0.9983762523856883,0.6894377085362849,0.7773744767551314,0.5494662820174111,0.6720928224362758,0.8418820793022929,0.8840540249952538,0.7729589456000192,0.8329650166325219,0.794384423287798,0.8693226015851411,0.6698101276311548,0.777839050834698,0.0,0.0,0.0,0.0,False
27,8.746766311071564e-05,1160.8297815322876,0.3526848323191657,0.24863996789568946,0.7932364344596863,0.8692423701286316,0.7017297148704529,0.788069506486257,13.985653570905185,6.5876318621085215,30.688255645956218,17.087180359656642,0.7622875804686702,0.830656685817285,0.6574363491603361,0.7501268718154304,0.99868551327197,0.9977176322153862,0.9986849184127025,0.9983626879666861,0.6895218770794159,0.7776446704055942,0.548662190517607,0.671942912667539,0.8419268772001335,0.8841742044970646,0.7725578189701714,0.8328863002224565,0.7932364797876204,0.8692424492230221,0.66831404881472,0.7769309926084542,0.0,0.0,0.0,0.0,False
28,8.635904763715892e-05,1169.0770936012268,0.35100672498458263,0.2462284559295291,0.7951793670654297,0.8705812096595764,0.7028974294662476,0.7895526687304179,13.858240999578033,6.529166237791648,30.603518704612654,16.996975313994113,0.7630705233954823,0.8337957757180301,0.6576036875329498,0.7514899955488207,0.9987485473768724,0.9977053299476151,0.9987169231599242,0.9983902668281371,0.6912856669289007,0.7791067831066804,0.5492202976869829,0.6732042492408546,0.8428633169350873,0.8849753091705763,0.7728564244958078,0.8335650168671571,0.7951793831843401,0.870581117446993,0.66942612268849,0.7783955411066077,0.0,0.0,0.0,0.0,False
29,8.521122082148819e-05,1142.3530931472778,0.3521281017385649,0.247952372332414,0.7964569926261902,0.8723598122596741,0.7034494876861572,0.7907554308573405,7.104217631786648,6.2530865329476795,30.598468752909984,14.651924305881437,0.7668300482152303,0.8372820402657014,0.6606702116478113,0.7549274333762477,0.9986967781984881,0.9976576839534305,0.998697317948865,0.9983505933669279,0.6925137827757661,0.7816751019110545,0.550096417438067,0.6747617673749625,0.8434604437387494,0.8862861138924218,0.773296366186793,0.8343476412726547,0.7964569674213483,0.8723597425261993,0.6699518852076598,0.7795895317184024,0.0,0.0,0.0,0.0,True
30,8.40254377954742e-05,1169.2771394252777,0.3468140642807791,0.2468433915149598,0.7964750528335571,0.872418999671936,0.7043750286102295,0.7910896937052408,13.878287927655412,6.298475676944108,30.567963599930234,16.914909068176588,0.7679389332170884,0.8362276525125066,0.6616533243313061,0.7552733033536337,0.9986847993195394,0.9976866472234522,0.9987109392504129,0.9983607952644681,0.6932193397362387,0.7813169756788246,0.5506967759485468,0.6750776971212034,0.8438410867390881,0.886128851685581,0.7736052427740913,0.8345250603995868,0.7964750704477689,0.8724189417284264,0.670833338688935,0.7799091169550434,0.9278073114364608,0.9450431046870077,0.8444731330351439,0.9057745163862041,True
31,8.280299519544635e-05,1153.8365857601166,0.3426031789770632,0.2468307851325898,0.7966823577880859,0.8738205432891846,0.7053157687187195,0.7919395565986633,13.824104846546879,6.278720873037069,30.55585603117102,16.886227250251657,0.7674791415420903,0.83701216552464,0.6632627568335123,0.7559180213000808,0.9986292297200217,0.997703038789606,0.9987193388498303,0.998350535786486,0.6930934103664831,0.7831061852635444,0.5515985209521406,0.6759327055273894,0.8437504482502136,0.8870734095860544,0.77406475176925,0.8349628698685061,0.7966823522595906,0.8738205636014827,0.671729294736322,0.7807440701991317,0.0,0.0,0.0,0.0,True
32,8.154522974444009e-05,1166.9709086418152,0.34599571257378114,0.24617890261468434,0.7992599010467529,0.875176727771759,0.7079178690910339,0.7941181659698486,13.730495422132348,6.284005874426947,30.51766909133499,16.844056795964764,0.7684792601587602,0.8399360073341753,0.6648585249326759,0.7577579308085372,0.998641619891097,0.99768341957194,0.9987329275809991,0.9983526556813453,0.6959329644336701,0.7849985428353438,0.5543172233786525,0.6784162435492221,0.845217618906179,0.8880605434502509,0.7754426469955695,0.8362402697839998,0.7992598675373067,0.875176669092574,0.6742074819430198,0.7828813395243001,0.0,0.0,0.0,0.0,True
33,8.025351679050975e-05,1176.7181541919708,0.3436477907622854,0.24635119764577776,0.8009772896766663,0.8756629824638367,0.7099587321281433,0.7955330014228821,7.112780782202358,6.327329102014841,30.521367738776544,14.653825874331247,0.7700899538791918,0.8400011649887908,0.6654823880651551,0.758524502311046,0.9986067044427304,0.9977132015630346,0.9987389656463821,0.9983529572173824,0.697624381220736,0.7857020103188538,0.5563049479431589,0.6798771131609161,0.8460705500843326,0.8884445504103244,0.7764464762337218,0.8369871922427929,0.8009773163049404,0.8756630302759711,0.6761512015330757,0.7842638493713291,0.0,0.0,0.0,0.0,True
34,7.892926880280571e-05,1164.338718175888,0.3419396835238193,0.24865240809463318,0.8008754849433899,0.8748853206634521,0.7092803716659546,0.7950137257575989,6.897836601824873,6.319914634055467,30.588888377244743,14.602213204375026,0.771380215810724,0.8394072824108147,0.6644763614793446,0.7584212865669612,0.998578868249375,0.9977118202565153,0.998740231101734,0.9983436398692082,0.6973958172120183,0.7847393411939296,0.5549429372977827,0.6790260319012434,0.8459665003253911,0.8879521213952637,0.7757545738523242,0.8365577318576597,0.8008754687786358,0.8748853192935185,0.6755051577459691,0.7837553152727078,0.0,0.0,0.0,0.0,False
35,7.757393382706015e-05,1395.6504759788513,0.33970480175180867,0.24979366582064402,0.8029637932777405,0.8745683431625366,0.7102084159851074,0.7959135174751282,6.768031603000203,6.212298646671201,23.81256100546935,12.26429708504692,0.7735336007502843,0.840006988998481,0.6662310131170855,0.7599238676219503,0.9986224857435511,0.9977015386709561,0.9987236239072036,0.9983492161072368,0.6986605025870367,0.784396234753954,0.5554900921787417,0.6795156098399108,0.8466106088171598,0.8877588091989916,0.7760238426924355,0.8367977535695289,0.802963711038714,0.8745683218163028,0.676388961736518,0.7846403315305116,0.0,0.0,0.0,0.0,True
36,7.618899390217016e-05,1195.1132488250732,0.33790827745741064,0.25066453566153846,0.8027925491333008,0.8752062916755676,0.7112183570861816,0.7964057326316833,6.865609246380872,6.1721302732343215,23.765313185238586,12.26768423495126,0.776954385614918,0.8406747539030783,0.6671123407967308,0.7615804934382423,0.9986080309997607,0.997718714066484,0.9987297106934437,0.9983521519198962,0.6983309236588827,0.7854717149236389,0.5567637612907483,0.6801887999577566,0.8464462315942558,0.8883411918295474,0.7766718119411287,0.8371530784549773,0.8027926045697686,0.8752063215714636,0.6773508547880689,0.7851165936431004,0.0,0.0,0.0,0.0,True
37,7.477596343961014e-05,1153.6277759075165,0.3379219447290807,0.2534652860391708,0.806098222732544,0.8745200634002686,0.7110812664031982,0.7972331841786703,6.802693490118188,6.158846205905297,23.457689918400444,12.139743204807976,0.7786449614572404,0.839843699994582,0.6667577819207292,0.7617488144575172,0.9985982769786492,0.9976920332448783,0.9987071552204027,0.9983324884813101,0.7015395858471813,0.7847900292414958,0.5569584554402073,0.6810960235096282,0.848049839230634,0.8879821620980101,0.7767641579144144,0.8375987197476862,0.806098196441256,0.8745200036228823,0.6772202746747066,0.7859461582462816,0.0,0.0,0.0,0.0,True
38,7.333638756744505e-05,1163.1117298603058,0.3336705108540076,0.23830556117352986,0.8077432513237,0.8754174113273621,0.7090895771980286,0.7974167466163635,6.873591777787793,5.739135275254808,23.66749508016674,12.093407377736447,0.7785924435918546,0.8416541332749004,0.6665592276546419,0.7622686015071323,0.9986117338238748,0.9976046378863946,0.9986785376549812,0.9982983031217502,0.7041427883788685,0.7862052805407926,0.5565075911577443,0.6822852200258018,0.8493707813245887,0.8886890443317289,0.7765326731044526,0.8381974995869234,0.8077431880729807,0.8754174434424061,0.6753233958192766,0.7861613424448878,0.0,0.0,0.0,0.0,True
39,7.187184044075539e-05,1130.5490238666534,0.32965974298051814,0.2337155369775636,0.8086789846420288,0.8769009113311768,0.7102974057197571,0.7986257672309875,6.867591642766151,5.5871835268081655,23.605502428318452,12.020092532630924,0.7796496997079263,0.8441189247605437,0.6686190802458332,0.7641292349047677,0.9986356297773593,0.9976086661827818,0.9986735421831827,0.9983059460477746,0.705135366396909,0.7880710263495516,0.5578522248304686,0.6836862058589764,0.8498765085770069,0.8896483521640032,0.7772132237545577,0.8389126948318558,0.8086789223072512,0.8769009279642498,0.6764737082691183,0.7873511861802065,0.0,0.0,0.0,0.0,True
40,7.038392352032199e-05,1183.1151759624481,0.3319584464823658,0.23865127400273367,0.8095188140869141,0.8766815066337585,0.7109593152999878,0.7990532120068868,6.871179870178805,5.749729087449088,23.678336397476432,12.099748451701442,0.7788624557803245,0.843463212888258,0.6675681394799887,0.7632979360495238,0.9987126361520581,0.9976886648727317,0.9987352830958042,0.9983788613735313,0.7049976556307872,0.7876499349736259,0.5580853844173099,0.6835776583405743,0.8498294558302883,0.8894571822579297,0.7773518626438048,0.8388795002440076,0.8095187054294265,0.8766814615261713,0.6771040754649942,0.787768080806864,0.9344974254784252,0.9446337686790625,0.8547061714038031,0.9112791218537636,True
41,6.887426382145193e-05,1150.388171195984,0.3281111700573202,0.25810500049874896,0.8085261583328247,0.8756104707717896,0.7077570557594299,0.7972978949546814,6.9112826079143685,6.071238484736999,23.958179496318284,12.313566862989882,0.7755241709573618,0.8415023495592331,0.6624054420952991,0.7598106542039647,0.9987148693359856,0.9976965011530415,0.9987591936875401,0.9983901880588557,0.7040991129715893,0.7861970057406611,0.5550405420105122,0.6817788869075875,0.8493660271962794,0.8886982027360134,0.7758210474838485,0.8379617591387137,0.8085260789600944,0.8756105545235671,0.6740542957729293,0.7860636430855302,0.0,0.0,0.0,0.0,False
42,6.734451213486133e-05,1113.0016775131226,0.3321422017461648,0.26055334245874767,0.8043986558914185,0.8765566349029541,0.70880126953125,0.7965855201085409,6.8181618043609555,6.124176642884752,23.529235517608114,12.157191321617942,0.7720379184865336,0.8437221520687523,0.6620450932041622,0.759268387919816,0.9987645863923089,0.9976764071428483,0.998772323839836,0.9984044391249979,0.7007501345280294,0.7874919653496688,0.5550596967569024,0.6811005988782002,0.8476522700133402,0.8893455651640135,0.7758252566404575,0.8376076972726038,0.8043986370549149,0.8765566616270768,0.675048791699964,0.7853346967939853,0.0,0.0,0.0,0.0,False
43,6.579634122155991e-05,1153.714600801468,0.32763090367062075,0.26328724502097994,0.8020101189613342,0.8765749931335449,0.7086438536643982,0.7957429885864258,6.791773720729137,6.100597814427303,30.394479716523513,14.428950417226652,0.7702573395681505,0.8425032563730569,0.6629277781638868,0.7585627913683647,0.9987662871343094,0.9977182662909237,0.998767935769749,0.9984174963983273,0.7003615627060276,0.7875125746823264,0.5553425212411464,0.6810722195431668,0.8474643362543519,0.8893557526641797,0.7759689994306059,0.8375963627830458,0.8020101044263234,0.8765749735631397,0.674898931210869,0.784494669733444,0.0,0.0,0.0,0.0,False
44,6.423144398371133e-05,1167.1729655265808,0.324098229718705,0.26455863770984467,0.8031007051467896,0.8763846158981323,0.7093493938446045,0.7962782382965088,6.8315566319427745,6.084499471218607,30.37905308657306,14.431703063244813,0.7710955679032329,0.8414399636301838,0.6639820169984337,0.7588391828439501,0.9987773286986844,0.9977330460432854,0.9987694094557288,0.9984265947325661,0.7018465360553483,0.7873785877234848,0.5559060406541537,0.6817103881443289,0.8482410381290806,0.8892973617097666,0.7762495349504175,0.8379293115964215,0.8031007777650156,0.8763846478010262,0.675570832184384,0.7850187525834752,0.0,0.0,0.0,0.0,False
45,6.265153161346957e-05,1146.8328795433044,0.3254455571260416,0.2640333218233926,0.8055790662765503,0.8769243955612183,0.7115100026130676,0.7980044881502787,7.0590022899670775,6.036072796038656,30.506551939115816,14.533875675040518,0.7767130590683756,0.8426867319235934,0.6673035889910732,0.7622344599943474,0.9987109354690211,0.997708691542852,0.9987731174087926,0.9983975814735553,0.7044057647211824,0.7878969058844508,0.5580391307793994,0.6834472671283441,0.8495762468150669,0.8895813950653416,0.7773290324849531,0.8388288914551206,0.8055790066135352,0.8769244363483584,0.6776285145128396,0.7867106524915778,0.0,0.0,0.0,0.0,False
46,6.10583317218155e-05,1157.6653199195862,0.3265739576608846,0.2656044920995122,0.8052208423614502,0.8783351182937622,0.7096137404441833,0.7977232336997986,6.9838435964138785,5.956882106886251,30.455060806723957,14.465262170008026,0.7813145666481911,0.845352611544586,0.6665785180064677,0.7644152320664149,0.9986438293550878,0.9976957481229187,0.9987506252283317,0.9983634009021127,0.70348307045582,0.7897628194225796,0.555789030282854,0.6830116400537513,0.849095613226659,0.890543064363855,0.7761901955632251,0.8386096243845796,0.8052208126037831,0.8783351736927228,0.6758225943991027,0.7864595268985363,0.0,0.0,0.0,0.0,False
47,5.945358644943945e-05,1162.325842142105,0.3214570697622769,0.24679667559408006,0.8092997074127197,0.8789656758308411,0.7099963426589966,0.7994205753008524,6.908839655898319,5.702153218367069,23.90519603011202,12.172062968125802,0.782766857340364,0.8455904971342095,0.6669285903010603,0.7650953149252113,0.9986597925507225,0.9977070390774593,0.998749311543438,0.9983720477238732,0.7060540353109838,0.7904916330569663,0.5556689624853175,0.6840715436177559,0.8503784911409278,0.8909112813061912,0.776130155946908,0.8391399761313423,0.8092997672330623,0.8789656924801676,0.6761870211551985,0.7881508269561427,0.0,0.0,0.0,0.0,True
48,5.783905056173619e-05,1174.1146440505981,0.324100973338566,0.24272300210737047,0.8096138834953308,0.8791181445121765,0.7113170027732849,0.8000163435935974,6.958133245698719,5.633179366611167,23.874727386617096,12.155346666308994,0.7821883942999522,0.8461223289261705,0.66772027979821,0.7653436676747777,0.9986740244792328,0.9976838475768035,0.9987522701765175,0.9983700474108512,0.7067944894867422,0.7907315483950569,0.5566836146388957,0.6847365508402316,0.850753413498997,0.891051355511846,0.7766425263894251,0.8394824318000893,0.8096138631806538,0.8791182496687232,0.6774447484828865,0.7887256204440879,0.0,0.0,0.0,0.0,True
49,5.6216489529994535e-05,1163.632886648178,0.31969863258189324,0.24480018516381583,0.808161735534668,0.8778629899024963,0.7122819423675537,0.799435555934906,6.903151956550036,5.665416503219416,30.41997158620453,14.329513348657992,0.7850399944119332,0.8447549182444543,0.6699100215247502,0.7665683113937125,0.998637719572224,0.9976505214103761,0.9987345043705739,0.9983409151177246,0.7072103337528343,0.7889343896193058,0.5582214490906947,0.6847887241542782,0.8509959392896363,0.8901222424402329,0.7774180867879557,0.8395120895059417,0.8081616342914927,0.8778630193676256,0.6783637731957545,0.7881294756182909,0.0,0.0,0.0,0.0,False
50,5.4587677600880466e-05,1166.4041407108307,0.3193259336562319,0.24512003532477789,0.81014084815979,0.878451406955719,0.7132461071014404,0.8006127874056498,6.829167734556448,5.637763632143429,30.413589219988726,14.293506862229535,0.785445963956052,0.8450537379111598,0.6705248820400387,0.7670081946357502,0.9986601924341324,0.9976409798771824,0.9987285095382984,0.9983432272832043,0.7091199652279867,0.7896515336209666,0.5584549701951185,0.685742156348024,0.8519732434950936,0.890500420387468,0.7775321561097512,0.8400019399974377,0.810140797030284,0.8784514354862776,0.679281987180291,0.7892914065656176,0.9241120852038015,0.9437337586145305,0.8533935562480173,0.9070798000221164,True
51,5.295439585632452e-05,1142.2663886547089,0.3169471771371635,0.2702213152533486,0.8091822862625122,0.879165530204773,0.7141761779785156,0.8008413314819336,6.876248595597477,5.968514804900302,30.399924836349413,14.414896078949063,0.7868581765534566,0.8464408399506967,0.6710625746709156,0.7681205303916897,0.9986320642139694,0.9976226177053078,0.9987271456828611,0.9983272758673795,0.708183026890724,0.7906696461228836,0.5589204187196012,0.6859243639110696,0.8514695344000078,0.8910255163371864,0.7777641715067406,0.8400864074146449,0.8091823434691081,0.8791654714239603,0.6801678418131941,0.7895052189020876,0.0,0.0,0.0,0.0,True
52,5.1318430265934744e-05,1143.7908110618591,0.31423010512001137,0.27059014922096614,0.8094847798347473,0.8786797523498535,0.7148008942604065,0.8009884754816691,6.907172401846869,5.9798678448596725,23.61768773899556,12.1682426619007,0.7879180532917464,0.8458438954406677,0.6702411369098945,0.7680010285474362,0.9986224393500452,0.997611921274256,0.998734403154609,0.9983229212596368,0.7087363865972998,0.7901152247098979,0.5596618444422098,0.6861711519164692,0.8517646849651991,0.8907367414127192,0.7781364029613933,0.8402126097797705,0.8094847449931466,0.8786797258883323,0.6807627813507071,0.7896424174107287,0.0,0.0,0.0,0.0,True
53,4.968156973406526e-05,1187.597214460373,0.3152420436399001,0.2440454303508713,0.8126735687255859,0.8799293637275696,0.7167786955833435,0.8031272093454996,6.817067417494872,5.613168027548102,23.522869689447337,11.984368378163438,0.7903033290870467,0.8474454421530202,0.6724959444058298,0.7700815718819656,0.9986308899992715,0.9976326578771754,0.9987463778718103,0.9983366419160857,0.712302967480656,0.7921002789490734,0.5626007601234145,0.6890013355177146,0.8535816876267492,0.8917723638047692,0.7796235598305549,0.8416592037540246,0.8126735941579672,0.8799293789628664,0.6826463745985705,0.7917497825731347,0.0,0.0,0.0,0.0,True
54,4.804560414367551e-05,1186.9785120487213,0.31854528199994203,0.24418209393819174,0.8141688108444214,0.8795992732048035,0.7172400951385498,0.8036693930625916,6.804176758957009,6.129913421895578,23.56780969096557,12.167299957272718,0.7951896441196254,0.8484046060030312,0.6743461037385962,0.7726467846204176,0.9985745067746012,0.9975807969461954,0.9987316201581617,0.9982956412929861,0.7136851569024721,0.7915653839056646,0.5630658327969436,0.6894387912016935,0.854289945310236,0.891496947217888,0.7798556894023169,0.8418808606434802,0.8141688466620851,0.8795993521328234,0.6830857222064832,0.7922846403337972,0.0,0.0,0.0,0.0,True
55,4.641232239911956e-05,1172.5219326019287,0.3123581897975369,0.24427169043393362,0.8139320015907288,0.8791606426239014,0.717176079750061,0.8034229079882304,6.7754401667468205,6.158304088278068,23.538131719232275,12.157291991419056,0.7952547514793807,0.8476116429353286,0.6735974309563779,0.7721546084570291,0.9985889466609555,0.9975786705829106,0.9987407056652191,0.9983027743030285,0.7142236319971923,0.7908918836273136,0.562577996402413,0.6892311706756397,0.8545632948785272,0.8911495156883742,0.779605746144959,0.8417728522372868,0.8139320532117283,0.8791606395006989,0.6830249096931551,0.7920392008018607,0.0,0.0,0.0,0.0,False
56,4.478351047000551e-05,1187.217193365097,0.31075323796407744,0.24833344561713083,0.8128948211669922,0.8793753385543823,0.7182063460350037,0.8034921685854594,6.732809295683208,6.204759074248179,23.51121158399815,12.149593317976512,0.7936057280459581,0.8475420708490093,0.6743085508350106,0.771818783243326,0.9985963987596543,0.9975941128268211,0.9987401432536535,0.998310218280043,0.7134745736411282,0.7914021105632257,0.5637130263483988,0.6895299035175843,0.8541563537368269,0.8914193262901566,0.7801802359054716,0.8419186386441518,0.8128948344781189,0.8793753871126184,0.6840060418432983,0.7920920878113452,0.0,0.0,0.0,0.0,False
57,4.316094943826383e-05,1190.1516797542572,0.3102367137361205,0.2425955526885532,0.8132305145263672,0.8799931406974792,0.7182797789573669,0.8038344780604044,6.84314275164866,6.165542736310321,23.55855236497699,12.189079284311992,0.79273000431606,0.8477035719262441,0.6733411626237752,0.7712582462886931,0.998618630976617,0.9976130129823566,0.9987461720213486,0.9983259386601073,0.7139187229431718,0.792312173218486,0.5632347297821301,0.6898218753145958,0.8543822583519084,0.8919045134155801,0.7799387055425115,0.8420751591033334,0.8132305049626566,0.8799931569282536,0.6840759995725763,0.7924332204878288,0.0,0.0,0.0,0.0,True
58,4.1546413550560575e-05,1189.007532119751,0.3088808227612665,0.24342818501449767,0.8123570680618286,0.8799719214439392,0.7179723381996155,0.8034337759017944,6.7999266582028,6.094822356726905,23.543971531962086,12.146240182297262,0.7931228521538843,0.8482554686499266,0.672289842588413,0.7712227211307413,0.9986329794954732,0.9975958029468298,0.9987558294251043,0.9983282039558025,0.713150882421631,0.7922639874584375,0.562837020423809,0.6894172967679593,0.8540192417085102,0.8918635315905192,0.7797376278251116,0.8418734670413803,0.812357085848297,0.8799718751589313,0.683783149847057,0.7920373702847617,0.0,0.0,0.0,0.0,False
59,3.994166827818455e-05,1213.6153507232666,0.30708536770984984,0.24178032456409362,0.813086211681366,0.8799103498458862,0.7189339995384216,0.803976853688558,6.699076771561872,6.053736161573233,23.328433857242352,12.027082263459151,0.7932932341797259,0.8474833679922944,0.6734573587054719,0.7714113202924974,0.9986447053066483,0.9976158484065907,0.9987518958136216,0.9983374831756202,0.7142585020531529,0.7922791229717606,0.5641326639812879,0.6902234296687338,0.8545744165613826,0.891870009476086,0.7803929185234048,0.8422791148536244,0.8130862028714462,0.8799103775480551,0.6846990559268797,0.7925652121154604,0.0,0.0,0.0,0.0,True
60,3.8348468386530454e-05,1180.35746884346,0.3072594908686976,0.24036214415516172,0.8135003447532654,0.8797611594200134,0.7198936939239502,0.8043850660324097,5.963318149606044,6.070172601051415,23.322293244034306,11.785261331563921,0.7929587401675824,0.8474782236087983,0.67415697535736,0.7715313130445803,0.9987028726136293,0.9976081784653306,0.9987544139914732,0.9983551550234777,0.7148338350712891,0.792073989744248,0.5647433740668573,0.6905503996274648,0.854878305296333,0.8917746025760848,0.7807008002544975,0.842451236042305,0.8135003095963714,0.8797611603837614,0.6856131120667834,0.7929581940156387,0.9289953335569663,0.9433468481953179,0.8537428654089406,0.9086950157204082,True
61,3.676855601628871e-05,1181.161601305008,0.3065696330458829,0.21921674091191518,0.8123844861984253,0.8798270225524902,0.720264196395874,0.8041585683822632,5.980739480289526,5.511052464498168,22.472148420667402,11.321313455151698,0.790918449705921,0.8465841073010484,0.6730102156987016,0.7701709242352237,0.9987387051506516,0.9976383702836882,0.9987678171370566,0.998381630857132,0.7136197364627864,0.7922900109652884,0.5647100411091809,0.6902065961790852,0.8542574591875605,0.8918895845804797,0.7806833247567558,0.8422767895082653,0.8123845027683383,0.8798270593716286,0.6859659122341374,0.7927258247913681,0.0,0.0,0.0,0.0,False
62,3.5203658778440126e-05,1192.6281042099,0.3076426866605426,0.21877101957798004,0.8121646642684937,0.8798146843910217,0.7207396626472473,0.8042396704355875,5.936708439412713,5.4818813596615925,22.67734665196377,11.365312150346027,0.7905378453295472,0.8465633647844194,0.6736142032051822,0.7702384711063829,0.9987427546841499,0.9976164854355604,0.998760797246548,0.9983733457887527,0.7138279958023925,0.7925403884260414,0.5649690472452187,0.6904458104912176,0.854366184269031,0.8920213166524903,0.7808117556914336,0.8423997522043183,0.8121646529641491,0.8798146719502137,0.6864187498666718,0.7927993582603449,0.0,0.0,0.0,0.0,False
63,3.365548786513868e-05,1199.027180671692,0.3045512694921909,0.21884828543379192,0.8110100030899048,0.8797945976257324,0.7203736901283264,0.8037260969479879,5.791545944240793,5.460664103503597,22.551767376445916,11.267992474730102,0.7921300143902451,0.8476024400098195,0.6738449383775916,0.7711924642592187,0.9987061567478548,0.997565869901138,0.9987467996936127,0.9983396087808686,0.7127252147578431,0.7924007835145727,0.5641765191024921,0.6897675057916359,0.8538031837907591,0.8919364737251274,0.7804061551108161,0.8420486042089008,0.8110099957991279,0.8797946997004455,0.686070178486543,0.7922916246620387,0.0,0.0,0.0,0.0,False
64,3.212573617854808e-05,1190.979087114334,0.30411622176567715,0.2188497883932931,0.812063455581665,0.879881739616394,0.7207950353622437,0.804246743520101,5.843358931507079,5.453956112445512,22.529007391845788,11.275440811932791,0.79259622241199,0.847145107272244,0.6747387040488112,0.7714933445776818,0.9987036739334925,0.997573896321703,0.9987340450407489,0.9983372050986481,0.71369664159725,0.792339575136552,0.564008336717913,0.6900148511505716,0.8542910638193226,0.8919030264568393,0.7803123782506053,0.8421688228422557,0.8120634656525044,0.879881811336322,0.6864714507441961,0.7928055759110074,0.0,0.0,0.0,0.0,False
65,3.061607647967803e-05,1215.5921778678894,0.30313750870074285,0.23725735892852148,0.8137813210487366,0.8805674314498901,0.7209982872009277,0.8051156798998514,6.547922143324523,5.48067918375997,23.304647456795625,11.777749594626705,0.7923309479735432,0.8475618948483616,0.6747470796753643,0.7715466408324231,0.9987147314269242,0.997616922236,0.9987350736309214,0.9983555757646152,0.7150946938746348,0.7931577471804009,0.5638461445405556,0.6906995285318637,0.8549911807034344,0.8923280668071466,0.7802306142648067,0.8425166205917959,0.8137813061663691,0.8805674628009851,0.686665042087937,0.7936712703517638,0.0,0.0,0.0,0.0,True
66,2.9128159559244618e-05,1179.538782119751,0.30072228153320874,0.23863151768843333,0.816013514995575,0.881496012210846,0.7229310870170593,0.8068135380744934,6.522873552113523,5.5144546304282445,23.247115868395564,11.761481350312444,0.7940205951117084,0.8491292441415101,0.6756786145738866,0.7729428179423684,0.9986905553016981,0.997609943472467,0.9987469135906651,0.9983491374549435,0.7174852747489202,0.7946042289895668,0.565750810593672,0.6926134381107197,0.8562036065513738,0.8930733446759348,0.7811937973489538,0.8434902495254208,0.8160135149714308,0.8814961081482552,0.6885057338615591,0.7953384523270817,0.0,0.0,0.0,0.0,True
67,2.7663612432554973e-05,1188.6387541294098,0.3001723112679566,0.2387720403217134,0.8156430125236511,0.8815029263496399,0.7218804359436035,0.8063421249389648,6.628691359237607,5.505066736882922,23.20908653726693,11.780948211129152,0.7937027827231683,0.8490314611874304,0.6730130016004175,0.7719157485036722,0.9986803889623739,0.9975951606899418,0.9987528953863718,0.9983428150128958,0.7172485110340414,0.7948057751122818,0.5648115188133354,0.6922886016532196,0.8560857727195934,0.8931749174056179,0.7807174199089288,0.8433260366780467,0.815643024767965,0.8815030011247846,0.6875051569574441,0.7948837276167313,0.0,0.0,0.0,0.0,False
68,2.622403656038986e-05,1190.809555530548,0.30132097934344504,0.2386516301404862,0.81553053855896,0.8813729286193848,0.7222788333892822,0.806394100189209,6.634225120565033,5.5256738127034435,23.285563932978867,11.815154288749115,0.789745452165607,0.8482080516657676,0.671971951932137,0.7699751519211705,0.99873840474688,0.9976077359614102,0.9987680273864812,0.9983713893649239,0.7172131487007144,0.7945529942283911,0.5655536948765106,0.6924399459352054,0.8560526028541056,0.8930429749108216,0.7810944296899252,0.8433966691516174,0.8155305096340442,0.8813729533749456,0.6878846208942822,0.7949293613010906,0.0,0.0,0.0,0.0,False
69,2.481100609782986e-05,1192.9804685115814,0.2981762652370063,0.23871946639957883,0.8172488212585449,0.8815976977348328,0.7228707075119019,0.8072390755017599,6.591383144985549,5.537244803561943,23.201641288043984,11.776756412197159,0.7924422891966263,0.8490657487177488,0.672947595769145,0.77148521122784,0.9987169776355374,0.9975914991776469,0.9987639772954031,0.9983574847028626,0.7190818087321312,0.7947961311671286,0.5658743431866576,0.6932507610286391,0.8570211585774749,0.8931834958311811,0.7812583055628117,0.8438209866571559,0.8172488920912823,0.8815978057136555,0.6884483196276174,0.7957650058108517,0.0,0.0,0.0,0.0,True
70,2.3426066172939892e-05,1187.6077327728271,0.2982106648498412,0.2411896784390722,0.8165498375892639,0.8818196654319763,0.7230309844017029,0.8071334958076477,6.56066241809259,5.5048385931537185,23.152977289951835,11.739492767066046,0.7930387747800797,0.8495732242102945,0.6734482860251407,0.7720200950051717,0.9987044714254445,0.9975924688341806,0.9987609737214849,0.9983526379937033,0.7181496732259135,0.7950772906428574,0.5660175507416637,0.693081504870145,0.8565483360323451,0.8933244278506306,0.781329610924228,0.8437341249357346,0.816549857915358,0.8818196263990076,0.688600894587064,0.7956567929671432,0.9267578164869992,0.9422267570909755,0.8518903190874453,0.90695829755514,False
71,2.2070731197194305e-05,1165.4570162296295,0.2990135816490334,0.2411162318927901,0.8155776262283325,0.8815860748291016,0.7218075394630432,0.8063237468401591,6.579393796466784,5.480319151498852,23.255930546681746,11.77188116488246,0.7911032980112841,0.8491986579106882,0.6725837067583228,0.7709618875600984,0.9987348006527874,0.997600114471025,0.9987570536605532,0.9983639895947886,0.7171903340238525,0.7948397982530485,0.5650418828768813,0.6923573383845941,0.856062713588877,0.8932040119534466,0.7808405460406974,0.8433690905276737,0.8155775779198954,0.8815860685994082,0.6874357778266156,0.794866474781973,0.0,0.0,0.0,0.0,False
72,2.0746483209490268e-05,1173.476125717163,0.29809127979432093,0.2424769461864517,0.8159849643707275,0.8803945183753967,0.7229063510894775,0.8064286112785339,6.492927090203141,5.5688765119008,23.26824698089968,11.776683527667872,0.7900297542318132,0.8469944964833873,0.6731481871022725,0.770057479272491,0.9987368529120936,0.9976174278768056,0.9987693956844772,0.9983745588244588,0.7181454287030027,0.7932373509698082,0.5658823924394498,0.6924217240374202,0.8565534289458553,0.892381880164002,0.7812629366130509,0.8433994152409694,0.8159849050225089,0.8803943991409854,0.6884822530531814,0.7949538524055586,0.0,0.0,0.0,0.0,False
73,1.9454770255559927e-05,1180.8167297840118,0.29506342573034944,0.24264625672783172,0.8157180547714233,0.8796898722648621,0.7219040393829346,0.8057706554730734,6.506727457252504,5.642868609104067,23.282904060720075,11.810833375692214,0.789258414841024,0.846636066047941,0.6720948082322018,0.7693297630403889,0.9987458078147814,0.9976067404067093,0.9987729848422674,0.9983751776879193,0.7179905006699118,0.7922930537887415,0.5652083153595863,0.6918306232727466,0.856481539258196,0.8919089287657478,0.7809255646522331,0.8431053442253923,0.8157181256093312,0.8796898416235426,0.6875276982364233,0.7943118884897657,0.0,0.0,0.0,0.0,False
74,1.819700480455366e-05,1182.2974636554718,0.296300014876055,0.2421077236533165,0.8168806433677673,0.8794774413108826,0.7227011322975159,0.8063530723253886,6.480087553441418,5.678735399338323,23.266328116376748,11.808383689718829,0.7902938780239207,0.8452009990228456,0.6732109536478259,0.7695686102315308,0.9987469633252878,0.9976401338810982,0.9987733927891328,0.9983868299985063,0.719355298929499,0.791890448303107,0.5659908975052949,0.6924122149126336,0.8571759379498605,0.8917119950315198,0.781319882388571,0.843402605123317,0.8168806362932277,0.8794774927766736,0.6882867261157457,0.7948816183952156,0.0,0.0,0.0,0.0,False
75,1.6974562204525834e-05,1164.2914457321167,0.2942703869617121,0.24187665297871544,0.8159098029136658,0.879186749458313,0.7231399416923523,0.806078831354777,6.514309288132735,5.736002617074132,23.270266840625407,11.840192915277425,0.7889923187958431,0.8445626631804128,0.6729099988533727,0.7688216602765429,0.9987493254557167,0.9976616225845114,0.9987766569788462,0.9983958683396915,0.7180091450145614,0.7914347751643181,0.5659582938495336,0.6918007380094711,0.8564811303083129,0.8914752078729177,0.7812996290092803,0.843085322396837,0.8159098741061594,0.8791867631489249,0.6887047394428537,0.7946004588993126,0.0,0.0,0.0,0.0,False
76,1.578877917851182e-05,1174.0189464092255,0.2926694455867012,0.2362987865294729,0.8156741261482239,0.8795204758644104,0.7218824625015259,0.8056923548380533,6.541796276537272,5.647852641223811,23.2322544206921,11.807301112817727,0.7890346982981011,0.8446679338660594,0.6722956839805524,0.768666105381571,0.9987526759060762,0.9976729741300685,0.9987626515827568,0.9983961005396339,0.7179330964648268,0.7919605355265976,0.5650650057183583,0.6916528792365942,0.8564376861911334,0.8917474214941309,0.7808500805847177,0.8430117294233274,0.8156741248946623,0.8795204142264642,0.6875070836016378,0.7942338742409215,0.0,0.0,0.0,0.0,False
77,1.4640952362841103e-05,1184.2154169082642,0.2934918985278769,0.2337966249812217,0.8165170550346375,0.8796228170394897,0.723196804523468,0.8064455588658651,6.441699848565077,5.716971450838389,23.220009994818312,11.792893764740592,0.7895815452528755,0.8449253949562525,0.6734818737254907,0.7693296046448729,0.9987538776634071,0.9976674701952494,0.9987672563125705,0.998396201390409,0.7187748427486502,0.7921065529752715,0.5662263411393784,0.6923692456211,0.8568598665763808,0.8918277949857605,0.7814341619573467,0.8433739411731627,0.8165170732092312,0.8796228254230067,0.6887589318917147,0.7949662768413175,0.0,0.0,0.0,0.0,False
78,1.3532336889284403e-05,1197.4479937553406,0.29253440186607116,0.23077443057582492,0.8178744316101074,0.8798858523368835,0.7225688099861145,0.8067763646443685,5.612811483916483,5.719491964441275,23.23115775363274,11.521153733996833,0.7910582666063597,0.8457402711140752,0.671959148920978,0.7695858955471376,0.9987473822891866,0.9976527389062237,0.9987793988259271,0.9983931733404457,0.7202647448527475,0.792547016528431,0.5661573497155696,0.692989703698916,0.8576095754905141,0.8920627594265698,0.7814051801821674,0.8436925050330837,0.8178744111977275,0.8798857973051689,0.6881607145976465,0.7953069743668477,0.0,0.0,0.0,0.0,False
79,1.2464145012585478e-05,1199.113392829895,0.29087160620838404,0.23224182022469383,0.8182300329208374,0.8800980448722839,0.725217878818512,0.8078486522038778,5.609000380912627,5.642233094818183,23.13196332436588,11.46106560003223,0.7915006829515225,0.8457699930425481,0.6741700677474042,0.770480247913825,0.9987631466015239,0.9976486220637382,0.9987727121280617,0.9983948269311078,0.7204645551064887,0.7928833447972019,0.5677177407600683,0.6936885468879196,0.8577079302621513,0.8922248164080921,0.7821855911271893,0.8440394459324776,0.8182299918042978,0.8800979666633298,0.6906837045689804,0.7963372210122027,0.0,0.0,0.0,0.0,True
80,1.1437544784878527e-05,1198.6567056179047,0.29188851696072204,0.21589610470192774,0.8175926804542542,0.8800292015075684,0.7263734340667725,0.8079984386761984,5.515803458222117,5.57042649568085,22.32874994461032,11.138326632837762,0.7922255178732455,0.8459503882929625,0.6763511314689729,0.7715090125450602,0.9987687194670255,0.9976285220973214,0.9987683796329728,0.9983885403991066,0.7207423025938646,0.792803456205699,0.5689608919986648,0.6941688835994095,0.8578443657296971,0.8921878362889458,0.782809410691539,0.8442805375700607,0.8175926555341174,0.8800292593862358,0.691784243664737,0.7964687195283634,0.9266486491683446,0.9405699193930415,0.8521255668788669,0.9064480451467509,True
81,1.045365877844011e-05,1209.460610151291,0.292093600541579,0.2162714653071903,0.817628026008606,0.8800221681594849,0.7260119915008545,0.8078873952229818,5.58153138156988,5.537101160909635,22.327020514075077,11.14855101885153,0.7929504172822123,0.8465404774055068,0.6762079457524404,0.7718996134800532,0.998764216519493,0.9976039601347467,0.9987682391667894,0.9983788052736764,0.7206793397053638,0.7926217139700356,0.5685188672128617,0.6939399736294204,0.8578145593936005,0.8920822259857893,0.7825849004622009,0.8441605619471969,0.8176281038505236,0.8800223072245946,0.691439990173233,0.7963634670827838,0.0,0.0,0.0,0.0,False
82,9.513562858173012e-06,1201.2666914463043,0.28930464766524505,0.21583095554794585,0.8178750276565552,0.8804845809936523,0.7270144820213318,0.8084580302238464,5.476750585007708,5.53739447350684,22.30998427378191,11.108043110765486,0.7926917786040737,0.8470717225065303,0.6763051085043333,0.7720228698716457,0.9987543968595908,0.9976109813736432,0.9987741229395558,0.9983798337242633,0.7205626874097921,0.7932912012077099,0.5690906724712871,0.694314853696263,0.857748484572891,0.892427359788603,0.7828709712548998,0.8443489385387979,0.8178750770399977,0.8804845262212903,0.69239474673372,0.7969181166650027,0.0,0.0,0.0,0.0,True
83,8.618285005163705e-06,1173.0049426555634,0.28907330222710065,0.23045565074398405,0.8170623779296875,0.8799819350242615,0.7279069423675537,0.8083170851071676,5.555665202878432,5.5410859841472595,23.11578964413111,11.404180277052268,0.7917712373393326,0.8460249671236892,0.6773766347117519,0.7717242797249245,0.998756893235069,0.9976278553563015,0.998770363152448,0.9983850372479394,0.719463687579186,0.7925562846470072,0.5697369060798159,0.6939189594353362,0.8571932269519079,0.8920389594475554,0.7831962842749914,0.8441428235581516,0.8170624238847537,0.8799819179992436,0.6932446498590067,0.7967629972476681,0.0,0.0,0.0,0.0,False
84,7.768804192600095e-06,1163.7534646987915,0.2885319678479749,0.23075966643435614,0.8163794875144958,0.8799941539764404,0.727280855178833,0.8078848322232565,5.610255578310339,5.523392235059582,23.14350126798439,11.425716360451437,0.7923278483334705,0.8467394002890375,0.6756651762251796,0.7715774749492291,0.9987429551810535,0.9976055232076027,0.9987795610097647,0.9983760131328069,0.7187721915284014,0.7925496290395398,0.5690380465139686,0.6934532890273033,0.8568445784566625,0.8920344189771933,0.7828453026206849,0.8439081000181803,0.8163795474187276,0.8799941262402887,0.6926485015151188,0.7963407250580451,0.0,0.0,0.0,0.0,False
85,6.9660493152787985e-06,1167.3479251861572,0.2902396203046947,0.2301009857938403,0.8160373568534851,0.8801146149635315,0.7276303768157959,0.8079274495442709,5.643777733213094,5.498288844641987,23.12776331536283,11.423276631072637,0.7928962707669087,0.8469225507913773,0.6764010961261817,0.7720733058948226,0.9987423360232627,0.9975979470289804,0.9987712895773695,0.9983705242098709,0.718406060962182,0.7927261560286463,0.5693266814485071,0.6934862994797784,0.8566534517362511,0.8921286765295512,0.7829898237777686,0.8439239840145237,0.8160373252579065,0.8801146641799279,0.6929813274077286,0.7963777722818542,0.0,0.0,0.0,0.0,False
86,6.2108981738722095e-06,1180.1493310928345,0.2899864258413965,0.23607235153516135,0.8160086274147034,0.8796373605728149,0.7282177805900574,0.8079545895258585,5.674078487592479,5.531305053870697,23.129276417135873,11.44488665286635,0.792662646143719,0.846271859557114,0.6765944789386878,0.7718429948798402,0.9987452972473255,0.9975957333103819,0.998774106120372,0.9983717122260264,0.718151299120278,0.7921844317930599,0.5697960422058775,0.6933772577064051,0.8565306087770366,0.8918463574183879,0.7832257817214113,0.8438675826389453,0.8160086698370406,0.8796372986892771,0.6935407772019722,0.7963955819094299,0.0,0.0,0.0,0.0,False
87,5.504176515066468e-06,1177.7489142417908,0.2883345799125505,0.23581511002211344,0.8164587020874023,0.8796118497848511,0.729453444480896,0.8085079987843832,6.4788975853017705,5.539548036214577,23.117167370133092,11.71187099721648,0.793236818546609,0.8463515973248488,0.677705492170092,0.7724313026805166,0.9987493257047193,0.9975971651348474,0.9987777480234754,0.9983747462876806,0.7186323242584814,0.7921721828763348,0.5708477079151744,0.6938840716833302,0.8567667439938039,0.8918369645915206,0.7837543902417392,0.844119366275688,0.8164586293754691,0.8796118588474369,0.6947175208116251,0.7969293363448436,0.0,0.0,0.0,0.0,True
88,4.8466571286194556e-06,1183.768440246582,0.2881679626633272,0.23637921866916475,0.815662145614624,0.879525899887085,0.7295725345611572,0.8082535266876221,6.479477410470725,5.549488089092965,23.10438291921191,11.711116139591866,0.7919731222826004,0.8459087095626335,0.6782256944268792,0.7720358420907044,0.9987646563953615,0.9976119885998153,0.9987741011205197,0.9983835820385655,0.71808982067632,0.7920350226851388,0.5712153022967292,0.6937800485527292,0.8564825436057715,0.8917643401671091,0.7839414669322136,0.8440627835683646,0.8156621232804421,0.8795260009837018,0.6948309510730039,0.7966730251123826,0.0,0.0,0.0,0.0,False
89,4.239059002326683e-06,1193.9559314250946,0.28792689989010495,0.23557901893343244,0.8169040679931641,0.8797855377197266,0.7298623919487,0.8088506658871969,6.422717669441383,5.5334550224297105,23.09631499146117,11.684162561110753,0.7925711149963058,0.8466135612280044,0.678539465803316,0.7725747140092087,0.9987626697988924,0.9975906356618217,0.9987745136665586,0.9983759397090909,0.7193721646206594,0.7924577457877217,0.5715146810759435,0.6944481971614417,0.85713205693057,0.8919862870376591,0.7840920461050712,0.8444034633577667,0.8169041281437841,0.8797854747843668,0.6951070661391162,0.7972655563557557,0.0,0.0,0.0,0.0,True
90,3.6820465358185858e-06,1199.01171875,0.28694734821152507,0.23376390139261882,0.8178333044052124,0.880085825920105,0.7291755080223083,0.8090315461158752,5.590886846342499,5.507035741455075,23.086327340250058,11.394749976015879,0.7929445138682747,0.8471130595159313,0.6776932388836151,0.7725836040892737,0.9987699190393365,0.9975853372483233,0.9987786257676808,0.9983779606851136,0.7202272919246954,0.792873859057702,0.570906112329852,0.6946690877707499,0.8575752877633278,0.8922049229079017,0.783786396760867,0.8445222024773654,0.8178333920673417,0.8800857913183058,0.6944528142264447,0.7974573325373641,0.9285088106131338,0.9403710703488556,0.8541490022915041,0.9076762944178313,True
91,3.176228814049297e-06,1183.503589630127,0.2872811091612234,0.23370549792335146,0.8182755708694458,0.8801283836364746,0.7296104431152344,0.8093381325403849,6.389801260754007,5.494843940886574,23.1008384319834,11.661827877874662,0.7934691230991452,0.8472617521584744,0.6786867293676324,0.7731392015417508,0.9987766856295286,0.9975888013845247,0.9987794992765294,0.998381662096861,0.720871845427594,0.7929442504678424,0.5713004868122871,0.6950388609025745,0.8579060574043209,0.8922434959881634,0.783983680848747,0.8447110780804105,0.8182756317078357,0.8801285016790272,0.6948670928939228,0.7977570754269285,0.0,0.0,0.0,0.0,True
92,2.722158941271247e-06,1168.4482185840607,0.2862919809889387,0.23407986845288958,0.817855954170227,0.8802196979522705,0.7284038066864014,0.8088264862696329,6.3914719505312805,5.49963753037416,23.107427526848255,11.666179002584565,0.7903460588434793,0.847125538023401,0.6763350588434355,0.771268885236772,0.9988125940540257,0.9975987826689942,0.9987946028513026,0.9984019931914409,0.7205771426877199,0.7930959221442979,0.5703955758408084,0.6946895468909421,0.8577558634989103,0.892325566188584,0.7835306538753587,0.8445373611876176,0.8178559868426136,0.880219640377369,0.6937179521198898,0.7972645264466242,0.0,0.0,0.0,0.0,False
93,2.3203334362237164e-06,1185.3224563598633,0.28778139592120144,0.23461321833587828,0.8180146813392639,0.8799425363540649,0.7280591726303101,0.8086721301078796,6.3791819172494275,5.5331011562531405,23.11787727259005,11.676720115364205,0.7902456123080016,0.8457932559494233,0.6758257069953338,0.7706215250842529,0.9988111630067503,0.9976322832990218,0.9987972012090486,0.998413549171607,0.720777298361003,0.7927145574323557,0.5702327566517796,0.6945748708150461,0.8578542273437609,0.892127708729707,0.783449527218152,0.84447715443054,0.8180147077800108,0.8799426030840544,0.6933896760694856,0.7971156623111836,0.0,0.0,0.0,0.0,False
94,1.9711916891969374e-06,1181.9050946235657,0.2868843588441836,0.2365973670567785,0.817841112613678,0.8800128698348999,0.7277433276176453,0.8085324366887411,6.441174325604601,5.538929995754938,23.119403357316937,11.699835892892159,0.7896847172603312,0.8458444692087477,0.6751670996817859,0.7702320953836216,0.9988081054868376,0.9976289739327309,0.9987974689223744,0.9984115161139809,0.7205870030440875,0.7927998616370235,0.5697832044954523,0.6943900230588543,0.857759600031556,0.8921679618424425,0.7832212863764323,0.8443829494168104,0.817841162141315,0.8800129446843643,0.6930888803748297,0.7969809957335031,0.0,0.0,0.0,0.0,False
95,1.6751154815652454e-06,1195.1208288669586,0.28524166452839517,0.23632488960311526,0.8176388740539551,0.8804224729537964,0.7278028726577759,0.8086214065551758,6.4117407437384895,5.523785838488582,23.12839714861469,11.687974576947255,0.7891956507494033,0.846668862844823,0.6750256362115419,0.7702967166019228,0.9988058299834852,0.9976184210692,0.9987959313286778,0.9984067274604543,0.7204346997399831,0.793342860521283,0.5697902175327623,0.6945225925980095,0.8576795631301403,0.8924463262520408,0.7832242147795251,0.8444500347205688,0.8176388558525295,0.8804224150216616,0.6931455748782236,0.7970689485841382,0.0,0.0,0.0,0.0,False
96,1.4324285683147281e-06,1155.214730501175,0.2864523046283108,0.23570021965673993,0.8173772692680359,0.8803231120109558,0.7278369665145874,0.8085124492645264,6.43267823870981,5.5130678480039546,23.126154777579632,11.690633621431132,0.7885877579041894,0.8461284233011153,0.6751745465233568,0.7699635759095539,0.9988059072202782,0.9976370186862521,0.9987957047687572,0.9984128768917625,0.7201988934402426,0.7931998103690373,0.5698076329937592,0.6944021122676798,0.8575594551590495,0.8923737226101903,0.7832329339601964,0.844388703909812,0.8173773062416286,0.88032314235379,0.6931780809252355,0.7969595098402179,0.0,0.0,0.0,0.0,False
97,1.243396324021935e-06,1155.0270826816559,0.28653022429595393,0.23608993483441218,0.8171558976173401,0.8802154064178467,0.7279089093208313,0.8084267377853394,6.481459102129496,5.526758284624565,23.094062884109423,11.70076009028783,0.788774329508083,0.8458444160237771,0.6756663643845898,0.7700950366388167,0.9987994004440041,0.9976454560572429,0.9987917187059878,0.998412191735745,0.7201185124976321,0.793043173897944,0.5700090138924888,0.6943902334293549,0.8575185027505996,0.8922924398564904,0.7833343114672908,0.844381751358127,0.8171559286353641,0.8802153734618818,0.6932466597365233,0.7968726539445897,0.0,0.0,0.0,0.0,False
98,1.1082254526706606e-06,1169.8860960006714,0.28499646463685413,0.23573328334660756,0.8168342113494873,0.8803758025169373,0.7283084392547607,0.8085061510403951,6.488950691411201,5.501178805602341,23.098931323357718,11.696353606790419,0.7886266417330027,0.8465105219868412,0.6765953011962936,0.7705774883053791,0.9987987610433118,0.997625530514071,0.9987862524886986,0.998403514682027,0.7198267187727466,0.7932699955682911,0.5702987956977691,0.6944651700129355,0.8573717312565423,0.8924083188961409,0.7834788774974695,0.8444196425500509,0.8168342552286268,0.8803758557604558,0.6936270356958466,0.7969457155616432,0.0,0.0,0.0,0.0,False
99,1.0270637616241606e-06,1161.0920963287354,0.2857140800210111,0.23653163924103693,0.8166739344596863,0.880265474319458,0.7278017997741699,0.8082470695177714,6.488255771699878,5.523676537458832,23.11959629133991,11.71050953349954,0.789183816420787,0.8464408260769177,0.6763539825308551,0.7706595416761867,0.9987932857799682,0.9976201602668987,0.9987826541853347,0.9983987000774005,0.719598995908885,0.7931157895142992,0.5697229097700758,0.6941458983977533,0.8572566189609246,0.8923280827945502,0.7831882877737536,0.8442576631764095,0.8166739079784225,0.88026543973016,0.6931446201369019,0.7966946559484948,0.0,0.0,0.0,0.0,False
100,1e-06,1190.8419814109802,0.28482546829477406,0.23641050074781692,0.8168531060218811,0.8803817629814148,0.7283044457435608,0.8085131049156189,6.478417137806525,5.5190900555160605,23.11229391537532,11.703267036232637,0.7895940546461021,0.846831364726222,0.6771079630110577,0.771177794127794,0.9987899960409161,0.9976110936857514,0.9987788388168228,0.9983933095144968,0.719769355475701,0.7932963417648925,0.5701353289940468,0.6944003420782133,0.8573431297987093,0.8924217095669011,0.7833949410874806,0.8443865934843636,0.8168531141430114,0.8803816674243019,0.6936233113076344,0.7969526976249827,0.9244254713394716,0.9402017848115929,0.8511718284902049,0.9052663615470898,False
